M,cfg,raster,swizzle,us,tflops
1024,cublas,0,0,174.13,789.3
1024,0,1,1,174.51,787.56
1024,0,1,2,175.68,782.33
1024,0,1,4,175.9,781.33
1024,0,1,8,177.39,774.78
1024,0,2,1,189.44,725.5
1024,0,2,2,181.12,758.83
1024,0,2,4,179.02,767.71
1024,0,2,8,174.4,788.07
1024,1,1,1,182.56,752.84
1024,1,1,2,183.3,749.82
1024,1,1,4,184.27,745.85
1024,1,1,8,211.41,650.11
1024,1,2,1,243.5,564.42
1024,1,2,2,221.54,620.39
1024,1,2,4,212.91,645.52
1024,1,2,8,211.07,651.15
1024,2,1,1,208.74,658.43
1024,2,1,2,212.34,647.27
1024,2,1,4,214.62,640.37
1024,2,1,8,215.54,637.66
1024,2,2,1,215.02,639.18
1024,2,2,2,215.58,637.52
1024,2,2,4,214.43,640.94
1024,2,2,8,214.26,641.47
2048,cublas,0,0,411.78,667.54
2048,0,1,1,414.37,663.37
2048,0,1,2,407.76,674.12
2048,0,1,4,409.22,671.72
2048,0,1,8,409.17,671.8
2048,0,2,1,408.7,672.56
2048,0,2,2,415.58,661.43
2048,0,2,4,413.86,664.19
2048,0,2,8,409.76,670.83
2048,1,1,1,417.28,658.74
2048,1,1,2,416.24,660.38
2048,1,1,4,415.63,661.35
2048,1,1,8,418.46,656.87
2048,1,2,1,508.66,540.4
2048,1,2,2,442.11,621.74
2048,1,2,4,437.62,628.13
2048,1,2,8,436.16,630.22
2048,2,1,1,430.5,638.51
2048,2,1,2,430.62,638.32
2048,2,1,4,419.01,656.02
2048,2,1,8,417.55,658.31
2048,2,2,1,420.26,654.07
2048,2,2,2,420.67,653.43
2048,2,2,4,417.74,658.01
2048,2,2,8,410.1,670.28
4096,cublas,0,0,799.42,687.69
4096,0,1,1,792.13,694.02
4096,0,1,2,786.98,698.57
4096,0,1,4,785.14,700.2
4096,0,1,8,808.43,680.03
4096,0,2,1,814.5,674.96
4096,0,2,2,855.31,642.75
4096,0,2,4,859.54,639.6
4096,0,2,8,860.54,638.85
4096,1,1,1,932.1,589.81
4096,1,1,2,853.57,644.07
4096,1,1,4,861.84,637.89
4096,1,1,8,863.9,636.36
4096,1,2,1,1137.14,483.46
4096,1,2,2,893.95,614.97
4096,1,2,4,901.14,610.07
4096,1,2,8,878.06,626.1
4096,2,1,1,868.16,633.24
4096,2,1,2,858.05,640.71
4096,2,1,4,849.5,647.15
4096,2,1,8,847.3,648.84
4096,2,2,1,906.5,606.46
4096,2,2,2,913.14,602.05
4096,2,2,4,905.82,606.91
4096,2,2,8,861.04,638.48
8192,cublas,0,0,1716.9,640.41
8192,0,1,1,1610.62,682.66
8192,0,1,2,1702.13,645.96
8192,0,1,4,1693.34,649.31
8192,0,1,8,1645.33,668.26
8192,0,2,1,1717.65,640.13
8192,0,2,2,1748.93,628.68
8192,0,2,4,1710.0,642.99
8192,0,2,8,1691.5,650.02
8192,1,1,1,2213.63,496.7
8192,1,1,2,1777.47,618.58
8192,1,1,4,1790.38,614.12
8192,1,1,8,1724.27,637.67
8192,1,2,1,2276.74,482.93
8192,1,2,2,1768.7,621.65
8192,1,2,4,1815.62,605.59
8192,1,2,8,1752.8,627.29
8192,2,1,1,1714.35,641.36
8192,2,1,2,1768.5,621.72
8192,2,1,4,1732.48,634.65
8192,2,1,8,1730.48,635.38
8192,2,2,1,1693.63,649.2
8192,2,2,2,1753.23,627.13
8192,2,2,4,1709.52,643.17
8192,2,2,8,1670.96,658.01
16384,cublas,0,0,2886.26,761.89
16384,0,1,1,3512.78,626.01
16384,0,1,2,3360.69,654.34
16384,0,1,4,3319.82,662.39
16384,0,1,8,3318.35,662.69
16384,0,2,1,3629.2,605.93
16384,0,2,2,3461.68,635.25
16384,0,2,4,3359.73,654.52
16384,0,2,8,3355.02,655.44
16384,1,1,1,5920.54,371.42
16384,1,1,2,3762.64,584.44
16384,1,1,4,3531.95,622.61
16384,1,1,8,3412.3,644.44
16384,1,2,1,4894.34,449.3
16384,1,2,2,3627.44,606.22
16384,1,2,4,3407.94,645.27
16384,1,2,8,3361.33,654.21
16384,2,1,1,4259.62,516.25
16384,2,1,2,3653.31,601.93
16384,2,1,4,3538.94,621.38
16384,2,1,8,3447.36,637.89
16384,2,2,1,3535.01,622.07
16384,2,2,2,3452.91,636.86
16384,2,2,4,3367.74,652.97
16384,2,2,8,3215.41,683.9
32768,cublas,0,0,6280.37,700.28
32768,0,1,1,7018.86,626.6
32768,0,1,2,6749.78,651.58
32768,0,1,4,6664.08,659.96
32768,0,1,8,6656.75,660.69
32768,0,2,1,7086.75,620.6
32768,0,2,2,6754.24,651.15
32768,0,2,4,6741.95,652.34
32768,0,2,8,6740.9,652.44
32768,1,1,1,11982.59,367.04
32768,1,1,2,7461.18,589.46
32768,1,1,4,6751.62,651.41
32768,1,1,8,6730.0,653.5
32768,1,2,1,11392.02,386.06
32768,1,2,2,7861.5,559.44
32768,1,2,4,6817.86,645.08
32768,1,2,8,6897.39,637.64
32768,2,1,1,12063.17,364.58
32768,2,1,2,7306.66,601.92
32768,2,1,4,6754.14,651.16
32768,2,1,8,6599.86,666.39
32768,2,2,1,7000.05,628.29
32768,2,2,2,6750.61,651.5
32768,2,2,4,6541.44,672.34
32768,2,2,8,6664.34,659.94
