M,method,variant,median_us,p10_us,p90_us
1024,OneGpuCublas,,1004.2,1000.2,1006.8
1024,MicroBatchCublas,chunk=256,978.6,975.3,986.8
1024,MicroBatchCublas,chunk=512,938.1,935.6,947.9
1024,MicroBatchCublas,chunk=1024,1178.3,1175.3,1181.5
1024,TensorParallel2,,599.0,595.9,601.1
2048,OneGpuCublas,,2045.9,2039.1,2082.6
2048,MicroBatchCublas,chunk=256,1829.0,1762.2,1835.3
2048,MicroBatchCublas,chunk=512,1605.3,1602.1,1613.6
2048,MicroBatchCublas,chunk=1024,1818.3,1815.1,1826.6
2048,MicroBatchCublas,chunk=2048,2341.7,2337.6,2349.8
2048,TensorParallel2,,1160.5,1159.0,1162.4
4096,OneGpuCublas,,4265.9,4077.9,4273.8
4096,MicroBatchCublas,chunk=256,3354.5,3345.2,3360.7
4096,MicroBatchCublas,chunk=512,2946.4,2942.0,2954.3
4096,MicroBatchCublas,chunk=1024,3099.2,3095.8,3103.3
4096,MicroBatchCublas,chunk=2048,3613.4,3605.9,3621.5
4096,MicroBatchCublas,chunk=4096,4669.1,4662.8,4683.4
4096,TensorParallel2,,2304.7,2283.4,2317.5
8192,OneGpuCublas,,8336.7,7987.2,9072.3
8192,MicroBatchCublas,chunk=256,6531.8,6518.4,6542.5
8192,MicroBatchCublas,chunk=512,5618.5,5612.6,5630.7
8192,MicroBatchCublas,chunk=1024,5711.7,5699.3,5838.6
8192,MicroBatchCublas,chunk=2048,6199.5,6185.4,6207.6
8192,MicroBatchCublas,chunk=4096,7242.2,7228.5,7255.6
8192,MicroBatchCublas,chunk=8192,9399.2,9386.5,9403.7
8192,TensorParallel2,,4697.3,4683.2,4788.2
16384,OneGpuCublas,,16794.0,16762.9,17971.9
16384,MicroBatchCublas,chunk=256,12900.4,12892.9,12910.5
16384,MicroBatchCublas,chunk=512,10933.6,10922.3,10946.3
16384,MicroBatchCublas,chunk=1024,10716.1,10703.6,10746.8
16384,MicroBatchCublas,chunk=2048,11284.5,11262.8,11328.1
16384,MicroBatchCublas,chunk=4096,12287.2,12259.1,12308.8
16384,MicroBatchCublas,chunk=8192,14463.1,14446.7,14473.7
16384,MicroBatchCublas,chunk=16384,18780.9,18773.2,18793.8
16384,TensorParallel2,,9721.8,9220.7,9749.4
